[
  {
    "country": "Antigua and Barbuda",
    "capital": "Saint John's",
    "continent": "North America",
    "currency_name": "Eastern Caribbean dollar",
    "currency_code": "XCD",
    "cca2": "AG"
  },
  {
    "country": "Bhutan",
    "capital": "Thimphu",
    "continent": "Asia",
    "currency_name": "Bhutanese ngultrum",
    "currency_code": "BTN",
    "cca2": "BT"
  },
  {
    "country": "Italy",
    "capital": "Rome",
    "continent": "Europe",
    "currency_name": "Euro",
    "currency_code": "EUR",
    "cca2": "IT"
  },
  {
    "country": "Tuvalu",
    "capital": "Funafuti",
    "continent": "Oceania",
    "currency_name": "Australian dollar",
    "currency_code": "AUD",
    "cca2": "TV"
  },
  {
    "country": "Anguilla",
    "capital": "The Valley",
    "continent": "North America",
    "currency_name": "Eastern Caribbean dollar",
    "currency_code": "XCD",
    "cca2": "AI"
  },
  {
    "country": "Australia",
    "capital": "Canberra",
    "continent": "Oceania",
    "currency_name": "Australian dollar",
    "currency_code": "AUD",
    "cca2": "AU"
  },
  {
    "country": "Belize",
    "capital": "Belmopan",
    "continent": "North America",
    "currency_name": "Belize dollar",
    "currency_code": "BZD",
    "cca2": "BZ"
  },
  {
    "country": "Vanuatu",
    "capital": "Port Vila",
    "continent": "Oceania",
    "currency_name": "Vanuatu vatu",
    "currency_code": "VUV",
    "cca2": "VU"
  },
  {
    "country": "Belarus",
    "capital": "Minsk",
    "continent": "Europe",
    "currency_name": "Belarusian ruble",
    "currency_code": "BYN",
    "cca2": "BY"
  },
  {
    "country": "Mauritius",
    "capital": "Port Louis",
    "continent": "Africa",
    "currency_name": "Mauritian rupee",
    "currency_code": "MUR",
    "cca2": "MU"
  },
  {
    "country": "Laos",
    "capital": "Vientiane",
    "continent": "Asia",
    "currency_name": "Lao kip",
    "currency_code": "LAK",
    "cca2": "LA"
  },
  {
    "country": "Senegal",
    "capital": "Dakar",
    "continent": "Africa",
    "currency_name": "West African CFA franc",
    "currency_code": "XOF",
    "cca2": "SN"
  },
  {
    "country": "Turkey",
    "capital": "Ankara",
    "continent": "Europe",
    "currency_name": "Turkish lira",
    "currency_code": "TRY",
    "cca2": "TR"
  },
  {
    "country": "Bolivia",
    "capital": "Sucre",
    "continent": "South America",
    "currency_name": "Bolivian boliviano",
    "currency_code": "BOB",
    "cca2": "BO"
  },
  {
    "country": "Sri Lanka",
    "capital": "Sri Jayawardenepura Kotte",
    "continent": "Asia",
    "currency_name": "Sri Lankan rupee",
    "currency_code": "LKR",
    "cca2": "LK"
  },
  {
    "country": "Norfolk Island",
    "capital": "Kingston",
    "continent": "Oceania",
    "currency_name": "Australian dollar",
    "currency_code": "AUD",
    "cca2": "NF"
  },
  {
    "country": "China",
    "capital": "Beijing",
    "continent": "Asia",
    "currency_name": "Chinese yuan",
    "currency_code": "CNY",
    "cca2": "CN"
  },
  {
    "country": "Caribbean Netherlands",
    "capital": "Kralendijk",
    "continent": "North America",
    "currency_name": "United States dollar",
    "currency_code": "USD",
    "cca2": "BQ"
  },
  {
    "country": "Guernsey",
    "capital": "St. Peter Port",
    "continent": "Europe",
    "currency_name": "British pound",
    "currency_code": "GBP",
    "cca2": "GG"
  },
  {
    "country": "Sudan",
    "capital": "Khartoum",
    "continent": "Africa",
    "currency_name": "Sudanese pound",
    "currency_code": "SDG",
    "cca2": "SD"
  },
  {
    "country": "Mayotte",
    "capital": "Mamoudzou",
    "continent": "Africa",
    "currency_name": "Euro",
    "currency_code": "EUR",
    "cca2": "YT"
  },
  {
    "country": "Saint Barthélemy",
    "capital": "Gustavia",
    "continent": "North America",
    "currency_name": "Euro",
    "currency_code": "EUR",
    "cca2": "BL"
  },
  {
    "country": "Vatican City",
    "capital": "Vatican City",
    "continent": "Europe",
    "currency_name": "Euro",
    "currency_code": "EUR",
    "cca2": "VA"
  },
  {
    "country": "Turks and Caicos Islands",
    "capital": "Cockburn Town",
    "continent": "North America",
    "currency_name": "United States dollar",
    "currency_code": "USD",
    "cca2": "TC"
  },
  {
    "country": "Curaçao",
    "capital": "Willemstad",
    "continent": "North America",
    "currency_name": "Netherlands Antillean guilder",
    "currency_code": "ANG",
    "cca2": "CW"
  },
  {
    "country": "Botswana",
    "capital": "Gaborone",
    "continent": "Africa",
    "currency_name": "Botswana pula",
    "currency_code": "BWP",
    "cca2": "BW"
  },
  {
    "country": "Benin",
    "capital": "Porto-Novo",
    "continent": "Africa",
    "currency_name": "West African CFA franc",
    "currency_code": "XOF",
    "cca2": "BJ"
  },
  {
    "country": "Lithuania",
    "capital": "Vilnius",
    "continent": "Europe",
    "currency_name": "Euro",
    "currency_code": "EUR",
    "cca2": "LT"
  },
  {
    "country": "Montserrat",
    "capital": "Plymouth",
    "continent": "North America",
    "currency_name": "Eastern Caribbean dollar",
    "currency_code": "XCD",
    "cca2": "MS"
  },
  {
    "country": "British Virgin Islands",
    "capital": "Road Town",
    "continent": "North America",
    "currency_name": "United States dollar",
    "currency_code": "USD",
    "cca2": "VG"
  },
  {
    "country": "Burundi",
    "capital": "Gitega",
    "continent": "Africa",
    "currency_name": "Burundian franc",
    "currency_code": "BIF",
    "cca2": "BI"
  },
  {
    "country": "United States Minor Outlying Islands",
    "capital": "Washington DC",
    "continent": "Oceania",
    "currency_name": "United States dollar",
    "currency_code": "USD",
    "cca2": "UM"
  },
  {
    "country": "Ireland",
    "capital": "Dublin",
    "continent": "Europe",
    "currency_name": "Euro",
    "currency_code": "EUR",
    "cca2": "IE"
  },
  {
    "country": "Solomon Islands",
    "capital": "Honiara",
    "continent": "Oceania",
    "currency_name": "Solomon Islands dollar",
    "currency_code": "SBD",
    "cca2": "SB"
  },
  {
    "country": "Bermuda",
    "capital": "Hamilton",
    "continent": "North America",
    "currency_name": "Bermudian dollar",
    "currency_code": "BMD",
    "cca2": "BM"
  },
  {
    "country": "Finland",
    "capital": "Helsinki",
    "continent": "Europe",
    "currency_name": "Euro",
    "currency_code": "EUR",
    "cca2": "FI"
  },
  {
    "country": "Peru",
    "capital": "Lima",
    "continent": "South America",
    "currency_name": "Peruvian sol",
    "currency_code": "PEN",
    "cca2": "PE"
  },
  {
    "country": "Bangladesh",
    "capital": "Dhaka",
    "continent": "Asia",
    "currency_name": "Bangladeshi taka",
    "currency_code": "BDT",
    "cca2": "BD"
  },
  {
    "country": "Denmark",
    "capital": "Copenhagen",
    "continent": "Europe",
    "currency_name": "Danish krone",
    "currency_code": "DKK",
    "cca2": "DK"
  },
  {
    "country": "Saint Vincent and the Grenadines",
    "capital": "Kingstown",
    "continent": "North America",
    "currency_name": "Eastern Caribbean dollar",
    "currency_code": "XCD",
    "cca2": "VC"
  },
  {
    "country": "Dominican Republic",
    "capital": "Santo Domingo",
    "continent": "North America",
    "currency_name": "Dominican peso",
    "currency_code": "DOP",
    "cca2": "DO"
  },
  {
    "country": "Moldova",
    "capital": "Chișinău",
    "continent": "Europe",
    "currency_name": "Moldovan leu",
    "currency_code": "MDL",
    "cca2": "MD"
  },
  {
    "country": "Bulgaria",
    "capital": "Sofia",
    "continent": "Europe",
    "currency_name": "Bulgarian lev",
    "currency_code": "BGN",
    "cca2": "BG"
  },
  {
    "country": "Costa Rica",
    "capital": "San José",
    "continent": "North America",
    "currency_name": "Costa Rican colón",
    "currency_code": "CRC",
    "cca2": "CR"
  },
  {
    "country": "Namibia",
    "capital": "Windhoek",
    "continent": "Africa",
    "currency_name": "Namibian dollar",
    "currency_code": "NAD",
    "cca2": "NA"
  },
  {
    "country": "Svalbard and Jan Mayen",
    "capital": "Longyearbyen",
    "continent": "Europe",
    "currency_name": "krone",
    "currency_code": "NOK",
    "cca2": "SJ"
  },
  {
    "country": "Luxembourg",
    "capital": "Luxembourg",
    "continent": "Europe",
    "currency_name": "Euro",
    "currency_code": "EUR",
    "cca2": "LU"
  },
  {
    "country": "Russia",
    "capital": "Moscow",
    "continent": "Europe",
    "currency_name": "Russian ruble",
    "currency_code": "RUB",
    "cca2": "RU"
  },
  {
    "country": "United Arab Emirates",
    "capital": "Abu Dhabi",
    "continent": "Asia",
    "currency_name": "United Arab Emirates dirham",
    "currency_code": "AED",
    "cca2": "AE"
  },
  {
    "country": "Sint Maarten",
    "capital": "Philipsburg",
    "continent": "North America",
    "currency_name": "Netherlands Antillean guilder",
    "currency_code": "ANG",
    "cca2": "SX"
  },
  {
    "country": "Bahamas",
    "capital": "Nassau",
    "continent": "North America",
    "currency_name": "Bahamian dollar",
    "currency_code": "BSD",
    "cca2": "BS"
  },
  {
    "country": "Japan",
    "capital": "Tokyo",
    "continent": "Asia",
    "currency_name": "Japanese yen",
    "currency_code": "JPY",
    "cca2": "JP"
  },
  {
    "country": "Nigeria",
    "capital": "Abuja",
    "continent": "Africa",
    "currency_name": "Nigerian naira",
    "currency_code": "NGN",
    "cca2": "NG"
  },
  {
    "country": "Ghana",
    "capital": "Accra",
    "continent": "Africa",
    "currency_name": "Ghanaian cedi",
    "currency_code": "GHS",
    "cca2": "GH"
  },
  {
    "country": "Sierra Leone",
    "capital": "Freetown",
    "continent": "Africa",
    "currency_name": "Leone",
    "currency_code": "SLE",
    "cca2": "SL"
  },
  {
    "country": "Saint Pierre and Miquelon",
    "capital": "Saint-Pierre",
    "continent": "North America",
    "currency_name": "Euro",
    "currency_code": "EUR",
    "cca2": "PM"
  },
  {
    "country": "Albania",
    "capital": "Tirana",
    "continent": "Europe",
    "currency_name": "Albanian lek",
    "currency_code": "ALL",
    "cca2": "AL"
  },
  {
    "country": "Tokelau",
    "capital": "Fakaofo",
    "continent": "Oceania",
    "currency_name": "New Zealand dollar",
    "currency_code": "NZD",
    "cca2": "TK"
  },
  {
    "country": "Saint Helena, Ascension and Tristan da Cunha",
    "capital": "Jamestown",
    "continent": "Africa",
    "currency_name": "Pound sterling",
    "currency_code": "GBP",
    "cca2": "SH"
  },
  {
    "country": "Tonga",
    "capital": "Nuku'alofa",
    "continent": "Oceania",
    "currency_name": "Tongan paʻanga",
    "currency_code": "TOP",
    "cca2": "TO"
  },
  {
    "country": "Turkmenistan",
    "capital": "Ashgabat",
    "continent": "Asia",
    "currency_name": "Turkmenistan manat",
    "currency_code": "TMT",
    "cca2": "TM"
  },
  {
    "country": "Djibouti",
    "capital": "Djibouti",
    "continent": "Africa",
    "currency_name": "Djiboutian franc",
    "currency_code": "DJF",
    "cca2": "DJ"
  },
  {
    "country": "Central African Republic",
    "capital": "Bangui",
    "continent": "Africa",
    "currency_name": "Central African CFA franc",
    "currency_code": "XAF",
    "cca2": "CF"
  },
  {
    "country": "Lebanon",
    "capital": "Beirut",
    "continent": "Asia",
    "currency_name": "Lebanese pound",
    "currency_code": "LBP",
    "cca2": "LB"
  },
  {
    "country": "Latvia",
    "capital": "Riga",
    "continent": "Europe",
    "currency_name": "Euro",
    "currency_code": "EUR",
    "cca2": "LV"
  },
  {
    "country": "Cocos (Keeling) Islands",
    "capital": "West Island",
    "continent": "Asia",
    "currency_name": "Australian dollar",
    "currency_code": "AUD",
    "cca2": "CC"
  },
  {
    "country": "Gambia",
    "capital": "Banjul",
    "continent": "Africa",
    "currency_name": "dalasi",
    "currency_code": "GMD",
    "cca2": "GM"
  },
  {
    "country": "Honduras",
    "capital": "Tegucigalpa",
    "continent": "North America",
    "currency_name": "Honduran lempira",
    "currency_code": "HNL",
    "cca2": "HN"
  },
  {
    "country": "Niue",
    "capital": "Alofi",
    "continent": "Oceania",
    "currency_name": "New Zealand dollar",
    "currency_code": "NZD",
    "cca2": "NU"
  },
  {
    "country": "Mauritania",
    "capital": "Nouakchott",
    "continent": "Africa",
    "currency_name": "Mauritanian ouguiya",
    "currency_code": "MRU",
    "cca2": "MR"
  },
  {
    "country": "Kosovo",
    "capital": "Pristina",
    "continent": "Europe",
    "currency_name": "Euro",
    "currency_code": "EUR",
    "cca2": "XK"
  },
  {
    "country": "Wallis and Futuna",
    "capital": "Mata-Utu",
    "continent": "Oceania",
    "currency_name": "CFP franc",
    "currency_code": "XPF",
    "cca2": "WF"
  },
  {
    "country": "South Georgia",
    "capital": "King Edward Point",
    "continent": "Antarctica",
    "currency_name": "British pound",
    "currency_code": "GBP",
    "cca2": "GS"
  },
  {
    "country": "French Polynesia",
    "capital": "Papeetē",
    "continent": "Oceania",
    "currency_name": "CFP franc",
    "currency_code": "XPF",
    "cca2": "PF"
  },
  {
    "country": "Togo",
    "capital": "Lomé",
    "continent": "Africa",
    "currency_name": "West African CFA franc",
    "currency_code": "XOF",
    "cca2": "TG"
  },
  {
    "country": "Belgium",
    "capital": "Brussels",
    "continent": "Europe",
    "currency_name": "Euro",
    "currency_code": "EUR",
    "cca2": "BE"
  },
  {
    "country": "Zambia",
    "capital": "Lusaka",
    "continent": "Africa",
    "currency_name": "Zambian kwacha",
    "currency_code": "ZMW",
    "cca2": "ZM"
  },
  {
    "country": "Cayman Islands",
    "capital": "George Town",
    "continent": "North America",
    "currency_name": "Cayman Islands dollar",
    "currency_code": "KYD",
    "cca2": "KY"
  },
  {
    "country": "Pitcairn Islands",
    "capital": "Adamstown",
    "continent": "Oceania",
    "currency_name": "New Zealand dollar",
    "currency_code": "NZD",
    "cca2": "PN"
  },
  {
    "country": "Cook Islands",
    "capital": "Avarua",
    "continent": "Oceania",
    "currency_name": "Cook Islands dollar",
    "currency_code": "CKD",
    "cca2": "CK"
  },
  {
    "country": "Madagascar",
    "capital": "Antananarivo",
    "continent": "Africa",
    "currency_name": "Malagasy ariary",
    "currency_code": "MGA",
    "cca2": "MG"
  },
  {
    "country": "Montenegro",
    "capital": "Podgorica",
    "continent": "Europe",
    "currency_name": "Euro",
    "currency_code": "EUR",
    "cca2": "ME"
  },
  {
    "country": "South Korea",
    "capital": "Seoul",
    "continent": "Asia",
    "currency_name": "South Korean won",
    "currency_code": "KRW",
    "cca2": "KR"
  },
  {
    "country": "Ethiopia",
    "capital": "Addis Ababa",
    "continent": "Africa",
    "currency_name": "Ethiopian birr",
    "currency_code": "ETB",
    "cca2": "ET"
  },
  {
    "country": "Mongolia",
    "capital": "Ulan Bator",
    "continent": "Asia",
    "currency_name": "Mongolian tögrög",
    "currency_code": "MNT",
    "cca2": "MN"
  },
  {
    "country": "Slovakia",
    "capital": "Bratislava",
    "continent": "Europe",
    "currency_name": "Euro",
    "currency_code": "EUR",
    "cca2": "SK"
  },
  {
    "country": "Cuba",
    "capital": "Havana",
    "continent": "North America",
    "currency_name": "Cuban convertible peso",
    "currency_code": "CUC",
    "cca2": "CU"
  },
  {
    "country": "Guatemala",
    "capital": "Guatemala City",
    "continent": "North America",
    "currency_name": "Guatemalan quetzal",
    "currency_code": "GTQ",
    "cca2": "GT"
  },
  {
    "country": "French Guiana",
    "capital": "Cayenne",
    "continent": "South America",
    "currency_name": "Euro",
    "currency_code": "EUR",
    "cca2": "GF"
  },
  {
    "country": "Norway",
    "capital": "Oslo",
    "continent": "Europe",
    "currency_name": "Norwegian krone",
    "currency_code": "NOK",
    "cca2": "NO"
  },
  {
    "country": "Grenada",
    "capital": "St. George's",
    "continent": "North America",
    "currency_name": "Eastern Caribbean dollar",
    "currency_code": "XCD",
    "cca2": "GD"
  },
  {
    "country": "Réunion",
    "capital": "Saint-Denis",
    "continent": "Africa",
    "currency_name": "Euro",
    "currency_code": "EUR",
    "cca2": "RE"
  },
  {
    "country": "Chile",
    "capital": "Santiago",
    "continent": "South America",
    "currency_name": "Chilean peso",
    "currency_code": "CLP",
    "cca2": "CL"
  },
  {
    "country": "Colombia",
    "capital": "Bogotá",
    "continent": "South America",
    "currency_name": "Colombian peso",
    "currency_code": "COP",
    "cca2": "CO"
  },
  {
    "country": "Saudi Arabia",
    "capital": "Riyadh",
    "continent": "Asia",
    "currency_name": "Saudi riyal",
    "currency_code": "SAR",
    "cca2": "SA"
  },
  {
    "country": "Israel",
    "capital": "Jerusalem",
    "continent": "Asia",
    "currency_name": "Israeli new shekel",
    "currency_code": "ILS",
    "cca2": "IL"
  },
  {
    "country": "Germany",
    "capital": "Berlin",
    "continent": "Europe",
    "currency_name": "Euro",
    "currency_code": "EUR",
    "cca2": "DE"
  },
  {
    "country": "New Zealand",
    "capital": "Wellington",
    "continent": "Oceania",
    "currency_name": "New Zealand dollar",
    "currency_code": "NZD",
    "cca2": "NZ"
  },
  {
    "country": "Greenland",
    "capital": "Nuuk",
    "continent": "North America",
    "currency_name": "krone",
    "currency_code": "DKK",
    "cca2": "GL"
  },
  {
    "country": "Kyrgyzstan",
    "capital": "Bishkek",
    "continent": "Asia",
    "currency_name": "Kyrgyzstani som",
    "currency_code": "KGS",
    "cca2": "KG"
  },
  {
    "country": "El Salvador",
    "capital": "San Salvador",
    "continent": "North America",
    "currency_name": "United States dollar",
    "currency_code": "USD",
    "cca2": "SV"
  },
  {
    "country": "Faroe Islands",
    "capital": "Tórshavn",
    "continent": "Europe",
    "currency_name": "Danish krone",
    "currency_code": "DKK",
    "cca2": "FO"
  },
  {
    "country": "Palau",
    "capital": "Ngerulmud",
    "continent": "Oceania",
    "currency_name": "United States dollar",
    "currency_code": "USD",
    "cca2": "PW"
  },
  {
    "country": "Malta",
    "capital": "Valletta",
    "continent": "Europe",
    "currency_name": "Euro",
    "currency_code": "EUR",
    "cca2": "MT"
  },
  {
    "country": "Syria",
    "capital": "Damascus",
    "continent": "Asia",
    "currency_name": "Syrian pound",
    "currency_code": "SYP",
    "cca2": "SY"
  },
  {
    "country": "Timor-Leste",
    "capital": "Dili",
    "continent": "Oceania",
    "currency_name": "United States dollar",
    "currency_code": "USD",
    "cca2": "TL"
  },
  {
    "country": "Croatia",
    "capital": "Zagreb",
    "continent": "Europe",
    "currency_name": "Euro",
    "currency_code": "EUR",
    "cca2": "HR"
  },
  {
    "country": "Papua New Guinea",
    "capital": "Port Moresby",
    "continent": "Oceania",
    "currency_name": "Papua New Guinean kina",
    "currency_code": "PGK",
    "cca2": "PG"
  },
  {
    "country": "Netherlands",
    "capital": "Amsterdam",
    "continent": "Europe",
    "currency_name": "Euro",
    "currency_code": "EUR",
    "cca2": "NL"
  },
  {
    "country": "Liberia",
    "capital": "Monrovia",
    "continent": "Africa",
    "currency_name": "Liberian dollar",
    "currency_code": "LRD",
    "cca2": "LR"
  },
  {
    "country": "Somalia",
    "capital": "Mogadishu",
    "continent": "Africa",
    "currency_name": "Somali shilling",
    "currency_code": "SOS",
    "cca2": "SO"
  },
  {
    "country": "Venezuela",
    "capital": "Caracas",
    "continent": "South America",
    "currency_name": "Venezuelan bolívar soberano",
    "currency_code": "VES",
    "cca2": "VE"
  },
  {
    "country": "Haiti",
    "capital": "Port-au-Prince",
    "continent": "North America",
    "currency_name": "Haitian gourde",
    "currency_code": "HTG",
    "cca2": "HT"
  },
  {
    "country": "Algeria",
    "capital": "Algiers",
    "continent": "Africa",
    "currency_name": "Algerian dinar",
    "currency_code": "DZD",
    "cca2": "DZ"
  },
  {
    "country": "Northern Mariana Islands",
    "capital": "Saipan",
    "continent": "Oceania",
    "currency_name": "United States dollar",
    "currency_code": "USD",
    "cca2": "MP"
  },
  {
    "country": "Saint Martin",
    "capital": "Marigot",
    "continent": "North America",
    "currency_name": "Euro",
    "currency_code": "EUR",
    "cca2": "MF"
  },
  {
    "country": "Aruba",
    "capital": "Oranjestad",
    "continent": "North America",
    "currency_name": "Aruban florin",
    "currency_code": "AWG",
    "cca2": "AW"
  },
  {
    "country": "Egypt",
    "capital": "Cairo",
    "continent": "Africa",
    "currency_name": "Egyptian pound",
    "currency_code": "EGP",
    "cca2": "EG"
  },
  {
    "country": "Malawi",
    "capital": "Lilongwe",
    "continent": "Africa",
    "currency_name": "Malawian kwacha",
    "currency_code": "MWK",
    "cca2": "MW"
  },
  {
    "country": "Equatorial Guinea",
    "capital": "Malabo",
    "continent": "Africa",
    "currency_name": "Central African CFA franc",
    "currency_code": "XAF",
    "cca2": "GQ"
  },
  {
    "country": "United States Virgin Islands",
    "capital": "Charlotte Amalie",
    "continent": "North America",
    "currency_name": "United States dollar",
    "currency_code": "USD",
    "cca2": "VI"
  },
  {
    "country": "Ecuador",
    "capital": "Quito",
    "continent": "South America",
    "currency_name": "United States dollar",
    "currency_code": "USD",
    "cca2": "EC"
  },
  {
    "country": "Uzbekistan",
    "capital": "Tashkent",
    "continent": "Asia",
    "currency_name": "Uzbekistani soʻm",
    "currency_code": "UZS",
    "cca2": "UZ"
  },
  {
    "country": "Gabon",
    "capital": "Libreville",
    "continent": "Africa",
    "currency_name": "Central African CFA franc",
    "currency_code": "XAF",
    "cca2": "GA"
  },
  {
    "country": "South Sudan",
    "capital": "Juba",
    "continent": "Africa",
    "currency_name": "South Sudanese pound",
    "currency_code": "SSP",
    "cca2": "SS"
  },
  {
    "country": "Iran",
    "capital": "Tehran",
    "continent": "Asia",
    "currency_name": "Iranian rial",
    "currency_code": "IRR",
    "cca2": "IR"
  },
  {
    "country": "Kazakhstan",
    "capital": "Astana",
    "continent": "Asia",
    "currency_name": "Kazakhstani tenge",
    "currency_code": "KZT",
    "cca2": "KZ"
  },
  {
    "country": "Nicaragua",
    "capital": "Managua",
    "continent": "North America",
    "currency_name": "Nicaraguan córdoba",
    "currency_code": "NIO",
    "cca2": "NI"
  },
  {
    "country": "Iceland",
    "capital": "Reykjavik",
    "continent": "Europe",
    "currency_name": "Icelandic króna",
    "currency_code": "ISK",
    "cca2": "IS"
  },
  {
    "country": "Slovenia",
    "capital": "Ljubljana",
    "continent": "Europe",
    "currency_name": "Euro",
    "currency_code": "EUR",
    "cca2": "SI"
  },
  {
    "country": "Guadeloupe",
    "capital": "Basse-Terre",
    "continent": "North America",
    "currency_name": "Euro",
    "currency_code": "EUR",
    "cca2": "GP"
  },
  {
    "country": "Cameroon",
    "capital": "Yaoundé",
    "continent": "Africa",
    "currency_name": "Central African CFA franc",
    "currency_code": "XAF",
    "cca2": "CM"
  },
  {
    "country": "Argentina",
    "capital": "Buenos Aires",
    "continent": "South America",
    "currency_name": "Argentine peso",
    "currency_code": "ARS",
    "cca2": "AR"
  },
  {
    "country": "Azerbaijan",
    "capital": "Baku",
    "continent": "Europe",
    "currency_name": "Azerbaijani manat",
    "currency_code": "AZN",
    "cca2": "AZ"
  },
  {
    "country": "Uganda",
    "capital": "Kampala",
    "continent": "Africa",
    "currency_name": "Ugandan shilling",
    "currency_code": "UGX",
    "cca2": "UG"
  },
  {
    "country": "Niger",
    "capital": "Niamey",
    "continent": "Africa",
    "currency_name": "West African CFA franc",
    "currency_code": "XOF",
    "cca2": "NE"
  },
  {
    "country": "Christmas Island",
    "capital": "Flying Fish Cove",
    "continent": "Asia",
    "currency_name": "Australian dollar",
    "currency_code": "AUD",
    "cca2": "CX"
  },
  {
    "country": "Myanmar",
    "capital": "Naypyidaw",
    "continent": "Asia",
    "currency_name": "Burmese kyat",
    "currency_code": "MMK",
    "cca2": "MM"
  },
  {
    "country": "Poland",
    "capital": "Warsaw",
    "continent": "Europe",
    "currency_name": "Polish złoty",
    "currency_code": "PLN",
    "cca2": "PL"
  },
  {
    "country": "Jordan",
    "capital": "Amman",
    "continent": "Asia",
    "currency_name": "Jordanian dinar",
    "currency_code": "JOD",
    "cca2": "JO"
  },
  {
    "country": "Hong Kong",
    "capital": "City of Victoria",
    "continent": "Asia",
    "currency_name": "Hong Kong dollar",
    "currency_code": "HKD",
    "cca2": "HK"
  },
  {
    "country": "DR Congo",
    "capital": "Kinshasa",
    "continent": "Africa",
    "currency_name": "Congolese franc",
    "currency_code": "CDF",
    "cca2": "CD"
  },
  {
    "country": "Eritrea",
    "capital": "Asmara",
    "continent": "Africa",
    "currency_name": "Eritrean nakfa",
    "currency_code": "ERN",
    "cca2": "ER"
  },
  {
    "country": "Kiribati",
    "capital": "South Tarawa",
    "continent": "Oceania",
    "currency_name": "Australian dollar",
    "currency_code": "AUD",
    "cca2": "KI"
  },
  {
    "country": "Marshall Islands",
    "capital": "Majuro",
    "continent": "Oceania",
    "currency_name": "United States dollar",
    "currency_code": "USD",
    "cca2": "MH"
  },
  {
    "country": "Burkina Faso",
    "capital": "Ouagadougou",
    "continent": "Africa",
    "currency_name": "West African CFA franc",
    "currency_code": "XOF",
    "cca2": "BF"
  },
  {
    "country": "Zimbabwe",
    "capital": "Harare",
    "continent": "Africa",
    "currency_name": "Zimbabwean dollar",
    "currency_code": "ZWL",
    "cca2": "ZW"
  },
  {
    "country": "Kenya",
    "capital": "Nairobi",
    "continent": "Africa",
    "currency_name": "Kenyan shilling",
    "currency_code": "KES",
    "cca2": "KE"
  },
  {
    "country": "Comoros",
    "capital": "Moroni",
    "continent": "Africa",
    "currency_name": "Comorian franc",
    "currency_code": "KMF",
    "cca2": "KM"
  },
  {
    "country": "Gibraltar",
    "capital": "Gibraltar",
    "continent": "Europe",
    "currency_name": "Gibraltar pound",
    "currency_code": "GIP",
    "cca2": "GI"
  },
  {
    "country": "Brunei",
    "capital": "Bandar Seri Begawan",
    "continent": "Asia",
    "currency_name": "Brunei dollar",
    "currency_code": "BND",
    "cca2": "BN"
  },
  {
    "country": "Sweden",
    "capital": "Stockholm",
    "continent": "Europe",
    "currency_name": "Swedish krona",
    "currency_code": "SEK",
    "cca2": "SE"
  },
  {
    "country": "Lesotho",
    "capital": "Maseru",
    "continent": "Africa",
    "currency_name": "Lesotho loti",
    "currency_code": "LSL",
    "cca2": "LS"
  },
  {
    "country": "Isle of Man",
    "capital": "Douglas",
    "continent": "Europe",
    "currency_name": "British pound",
    "currency_code": "GBP",
    "cca2": "IM"
  },
  {
    "country": "Micronesia",
    "capital": "Palikir",
    "continent": "Oceania",
    "currency_name": "United States dollar",
    "currency_code": "USD",
    "cca2": "FM"
  },
  {
    "country": "Tanzania",
    "capital": "Dodoma",
    "continent": "Africa",
    "currency_name": "Tanzanian shilling",
    "currency_code": "TZS",
    "cca2": "TZ"
  },
  {
    "country": "Cape Verde",
    "capital": "Praia",
    "continent": "Africa",
    "currency_name": "Cape Verdean escudo",
    "currency_code": "CVE",
    "cca2": "CV"
  },
  {
    "country": "Afghanistan",
    "capital": "Kabul",
    "continent": "Asia",
    "currency_name": "Afghan afghani",
    "currency_code": "AFN",
    "cca2": "AF"
  },
  {
    "country": "Andorra",
    "capital": "Andorra la Vella",
    "continent": "Europe",
    "currency_name": "Euro",
    "currency_code": "EUR",
    "cca2": "AD"
  },
  {
    "country": "Greece",
    "capital": "Athens",
    "continent": "Europe",
    "currency_name": "Euro",
    "currency_code": "EUR",
    "cca2": "GR"
  },
  {
    "country": "Vietnam",
    "capital": "Hanoi",
    "continent": "Asia",
    "currency_name": "Vietnamese đồng",
    "currency_code": "VND",
    "cca2": "VN"
  },
  {
    "country": "French Southern and Antarctic Lands",
    "capital": "Port-aux-Français",
    "continent": "Antarctica",
    "currency_name": "Euro",
    "currency_code": "EUR",
    "cca2": "TF"
  },
  {
    "country": "Iraq",
    "capital": "Baghdad",
    "continent": "Asia",
    "currency_name": "Iraqi dinar",
    "currency_code": "IQD",
    "cca2": "IQ"
  },
  {
    "country": "Libya",
    "capital": "Tripoli",
    "continent": "Africa",
    "currency_name": "Libyan dinar",
    "currency_code": "LYD",
    "cca2": "LY"
  },
  {
    "country": "Portugal",
    "capital": "Lisbon",
    "continent": "Europe",
    "currency_name": "Euro",
    "currency_code": "EUR",
    "cca2": "PT"
  },
  {
    "country": "Pakistan",
    "capital": "Islamabad",
    "continent": "Asia",
    "currency_name": "Pakistani rupee",
    "currency_code": "PKR",
    "cca2": "PK"
  },
  {
    "country": "Maldives",
    "capital": "Malé",
    "continent": "Asia",
    "currency_name": "Maldivian rufiyaa",
    "currency_code": "MVR",
    "cca2": "MV"
  },
  {
    "country": "Morocco",
    "capital": "Rabat",
    "continent": "Africa",
    "currency_name": "Moroccan dirham",
    "currency_code": "MAD",
    "cca2": "MA"
  },
  {
    "country": "Bosnia and Herzegovina",
    "capital": "Sarajevo",
    "continent": "Europe",
    "currency_name": "Bosnia and Herzegovina convertible mark",
    "currency_code": "BAM",
    "cca2": "BA"
  },
  {
    "country": "Samoa",
    "capital": "Apia",
    "continent": "Oceania",
    "currency_name": "Samoan tālā",
    "currency_code": "WST",
    "cca2": "WS"
  },
  {
    "country": "Palestine",
    "capital": "Ramallah",
    "continent": "Asia",
    "currency_name": "Egyptian pound",
    "currency_code": "EGP",
    "cca2": "PS"
  },
  {
    "country": "Oman",
    "capital": "Muscat",
    "continent": "Asia",
    "currency_name": "Omani rial",
    "currency_code": "OMR",
    "cca2": "OM"
  },
  {
    "country": "Bahrain",
    "capital": "Manama",
    "continent": "Asia",
    "currency_name": "Bahraini dinar",
    "currency_code": "BHD",
    "cca2": "BH"
  },
  {
    "country": "United States",
    "capital": "Washington, D.C.",
    "continent": "North America",
    "currency_name": "United States dollar",
    "currency_code": "USD",
    "cca2": "US"
  },
  {
    "country": "Puerto Rico",
    "capital": "San Juan",
    "continent": "North America",
    "currency_name": "United States dollar",
    "currency_code": "USD",
    "cca2": "PR"
  },
  {
    "country": "British Indian Ocean Territory",
    "capital": "Diego Garcia",
    "continent": "Asia",
    "currency_name": "United States dollar",
    "currency_code": "USD",
    "cca2": "IO"
  },
  {
    "country": "Jersey",
    "capital": "Saint Helier",
    "continent": "Europe",
    "currency_name": "British pound",
    "currency_code": "GBP",
    "cca2": "JE"
  },
  {
    "country": "North Macedonia",
    "capital": "Skopje",
    "continent": "Europe",
    "currency_name": "denar",
    "currency_code": "MKD",
    "cca2": "MK"
  },
  {
    "country": "Tunisia",
    "capital": "Tunis",
    "continent": "Africa",
    "currency_name": "Tunisian dinar",
    "currency_code": "TND",
    "cca2": "TN"
  },
  {
    "country": "Trinidad and Tobago",
    "capital": "Port of Spain",
    "continent": "North America",
    "currency_name": "Trinidad and Tobago dollar",
    "currency_code": "TTD",
    "cca2": "TT"
  },
  {
    "country": "Estonia",
    "capital": "Tallinn",
    "continent": "Europe",
    "currency_name": "Euro",
    "currency_code": "EUR",
    "cca2": "EE"
  },
  {
    "country": "Singapore",
    "capital": "Singapore",
    "continent": "Asia",
    "currency_name": "Singapore dollar",
    "currency_code": "SGD",
    "cca2": "SG"
  },
  {
    "country": "Panama",
    "capital": "Panama City",
    "continent": "North America",
    "currency_name": "Panamanian balboa",
    "currency_code": "PAB",
    "cca2": "PA"
  },
  {
    "country": "Switzerland",
    "capital": "Bern",
    "continent": "Europe",
    "currency_name": "Swiss franc",
    "currency_code": "CHF",
    "cca2": "CH"
  },
  {
    "country": "Uruguay",
    "capital": "Montevideo",
    "continent": "South America",
    "currency_name": "Uruguayan peso",
    "currency_code": "UYU",
    "cca2": "UY"
  },
  {
    "country": "Tajikistan",
    "capital": "Dushanbe",
    "continent": "Asia",
    "currency_name": "Tajikistani somoni",
    "currency_code": "TJS",
    "cca2": "TJ"
  },
  {
    "country": "Taiwan",
    "capital": "Taipei",
    "continent": "Asia",
    "currency_name": "New Taiwan dollar",
    "currency_code": "TWD",
    "cca2": "TW"
  },
  {
    "country": "South Africa",
    "capital": "Pretoria",
    "continent": "Africa",
    "currency_name": "South African rand",
    "currency_code": "ZAR",
    "cca2": "ZA"
  },
  {
    "country": "Liechtenstein",
    "capital": "Vaduz",
    "continent": "Europe",
    "currency_name": "Swiss franc",
    "currency_code": "CHF",
    "cca2": "LI"
  },
  {
    "country": "Brazil",
    "capital": "Brasília",
    "continent": "South America",
    "currency_name": "Brazilian real",
    "currency_code": "BRL",
    "cca2": "BR"
  },
  {
    "country": "Armenia",
    "capital": "Yerevan",
    "continent": "Asia",
    "currency_name": "Armenian dram",
    "currency_code": "AMD",
    "cca2": "AM"
  },
  {
    "country": "Georgia",
    "capital": "Tbilisi",
    "continent": "Asia",
    "currency_name": "lari",
    "currency_code": "GEL",
    "cca2": "GE"
  },
  {
    "country": "Åland Islands",
    "capital": "Mariehamn",
    "continent": "Europe",
    "currency_name": "Euro",
    "currency_code": "EUR",
    "cca2": "AX"
  },
  {
    "country": "Qatar",
    "capital": "Doha",
    "continent": "Asia",
    "currency_name": "Qatari riyal",
    "currency_code": "QAR",
    "cca2": "QA"
  },
  {
    "country": "Dominica",
    "capital": "Roseau",
    "continent": "North America",
    "currency_name": "Eastern Caribbean dollar",
    "currency_code": "XCD",
    "cca2": "DM"
  },
  {
    "country": "Ukraine",
    "capital": "Kyiv",
    "continent": "Europe",
    "currency_name": "Ukrainian hryvnia",
    "currency_code": "UAH",
    "cca2": "UA"
  },
  {
    "country": "Guinea",
    "capital": "Conakry",
    "continent": "Africa",
    "currency_name": "Guinean franc",
    "currency_code": "GNF",
    "cca2": "GN"
  },
  {
    "country": "Western Sahara",
    "capital": "El Aaiún",
    "continent": "Africa",
    "currency_name": "Algerian dinar",
    "currency_code": "DZD",
    "cca2": "EH"
  },
  {
    "country": "Czechia",
    "capital": "Prague",
    "continent": "Europe",
    "currency_name": "Czech koruna",
    "currency_code": "CZK",
    "cca2": "CZ"
  },
  {
    "country": "Austria",
    "capital": "Vienna",
    "continent": "Europe",
    "currency_name": "Euro",
    "currency_code": "EUR",
    "cca2": "AT"
  },
  {
    "country": "Saint Kitts and Nevis",
    "capital": "Basseterre",
    "continent": "North America",
    "currency_name": "Eastern Caribbean dollar",
    "currency_code": "XCD",
    "cca2": "KN"
  },
  {
    "country": "Saint Lucia",
    "capital": "Castries",
    "continent": "North America",
    "currency_name": "Eastern Caribbean dollar",
    "currency_code": "XCD",
    "cca2": "LC"
  },
  {
    "country": "Yemen",
    "capital": "Sana'a",
    "continent": "Asia",
    "currency_name": "Yemeni rial",
    "currency_code": "YER",
    "cca2": "YE"
  },
  {
    "country": "Rwanda",
    "capital": "Kigali",
    "continent": "Africa",
    "currency_name": "Rwandan franc",
    "currency_code": "RWF",
    "cca2": "RW"
  },
  {
    "country": "Monaco",
    "capital": "Monaco",
    "continent": "Europe",
    "currency_name": "Euro",
    "currency_code": "EUR",
    "cca2": "MC"
  },
  {
    "country": "São Tomé and Príncipe",
    "capital": "São Tomé",
    "continent": "Africa",
    "currency_name": "São Tomé and Príncipe dobra",
    "currency_code": "STN",
    "cca2": "ST"
  },
  {
    "country": "Republic of the Congo",
    "capital": "Brazzaville",
    "continent": "Africa",
    "currency_name": "Central African CFA franc",
    "currency_code": "XAF",
    "cca2": "CG"
  },
  {
    "country": "Paraguay",
    "capital": "Asunción",
    "continent": "South America",
    "currency_name": "Paraguayan guaraní",
    "currency_code": "PYG",
    "cca2": "PY"
  },
  {
    "country": "Mozambique",
    "capital": "Maputo",
    "continent": "Africa",
    "currency_name": "Mozambican metical",
    "currency_code": "MZN",
    "cca2": "MZ"
  },
  {
    "country": "France",
    "capital": "Paris",
    "continent": "Europe",
    "currency_name": "Euro",
    "currency_code": "EUR",
    "cca2": "FR"
  },
  {
    "country": "Eswatini",
    "capital": "Mbabane",
    "continent": "Africa",
    "currency_name": "Swazi lilangeni",
    "currency_code": "SZL",
    "cca2": "SZ"
  },
  {
    "country": "Barbados",
    "capital": "Bridgetown",
    "continent": "North America",
    "currency_name": "Barbadian dollar",
    "currency_code": "BBD",
    "cca2": "BB"
  },
  {
    "country": "Spain",
    "capital": "Madrid",
    "continent": "Europe",
    "currency_name": "Euro",
    "currency_code": "EUR",
    "cca2": "ES"
  },
  {
    "country": "Thailand",
    "capital": "Bangkok",
    "continent": "Asia",
    "currency_name": "Thai baht",
    "currency_code": "THB",
    "cca2": "TH"
  },
  {
    "country": "Guinea-Bissau",
    "capital": "Bissau",
    "continent": "Africa",
    "currency_name": "West African CFA franc",
    "currency_code": "XOF",
    "cca2": "GW"
  },
  {
    "country": "Angola",
    "capital": "Luanda",
    "continent": "Africa",
    "currency_name": "Angolan kwanza",
    "currency_code": "AOA",
    "cca2": "AO"
  },
  {
    "country": "India",
    "capital": "New Delhi",
    "continent": "Asia",
    "currency_name": "Indian rupee",
    "currency_code": "INR",
    "cca2": "IN"
  },
  {
    "country": "Martinique",
    "capital": "Fort-de-France",
    "continent": "North America",
    "currency_name": "Euro",
    "currency_code": "EUR",
    "cca2": "MQ"
  },
  {
    "country": "New Caledonia",
    "capital": "Nouméa",
    "continent": "Oceania",
    "currency_name": "CFP franc",
    "currency_code": "XPF",
    "cca2": "NC"
  },
  {
    "country": "Seychelles",
    "capital": "Victoria",
    "continent": "Africa",
    "currency_name": "Seychellois rupee",
    "currency_code": "SCR",
    "cca2": "SC"
  },
  {
    "country": "Falkland Islands",
    "capital": "Stanley",
    "continent": "South America",
    "currency_name": "Falkland Islands pound",
    "currency_code": "FKP",
    "cca2": "FK"
  },
  {
    "country": "United Kingdom",
    "capital": "London",
    "continent": "Europe",
    "currency_name": "British pound",
    "currency_code": "GBP",
    "cca2": "GB"
  },
  {
    "country": "Fiji",
    "capital": "Suva",
    "continent": "Oceania",
    "currency_name": "Fijian dollar",
    "currency_code": "FJD",
    "cca2": "FJ"
  },
  {
    "country": "San Marino",
    "capital": "City of San Marino",
    "continent": "Europe",
    "currency_name": "Euro",
    "currency_code": "EUR",
    "cca2": "SM"
  },
  {
    "country": "Mali",
    "capital": "Bamako",
    "continent": "Africa",
    "currency_name": "West African CFA franc",
    "currency_code": "XOF",
    "cca2": "ML"
  },
  {
    "country": "Canada",
    "capital": "Ottawa",
    "continent": "North America",
    "currency_name": "Canadian dollar",
    "currency_code": "CAD",
    "cca2": "CA"
  },
  {
    "country": "Jamaica",
    "capital": "Kingston",
    "continent": "North America",
    "currency_name": "Jamaican dollar",
    "currency_code": "JMD",
    "cca2": "JM"
  },
  {
    "country": "Nauru",
    "capital": "Yaren",
    "continent": "Oceania",
    "currency_name": "Australian dollar",
    "currency_code": "AUD",
    "cca2": "NR"
  },
  {
    "country": "Indonesia",
    "capital": "Jakarta",
    "continent": "Asia",
    "currency_name": "Indonesian rupiah",
    "currency_code": "IDR",
    "cca2": "ID"
  },
  {
    "country": "Guam",
    "capital": "Hagåtña",
    "continent": "Oceania",
    "currency_name": "United States dollar",
    "currency_code": "USD",
    "cca2": "GU"
  },
  {
    "country": "Ivory Coast",
    "capital": "Yamoussoukro",
    "continent": "Africa",
    "currency_name": "West African CFA franc",
    "currency_code": "XOF",
    "cca2": "CI"
  },
  {
    "country": "Kuwait",
    "capital": "Kuwait City",
    "continent": "Asia",
    "currency_name": "Kuwaiti dinar",
    "currency_code": "KWD",
    "cca2": "KW"
  },
  {
    "country": "Philippines",
    "capital": "Manila",
    "continent": "Asia",
    "currency_name": "Philippine peso",
    "currency_code": "PHP",
    "cca2": "PH"
  },
  {
    "country": "Guyana",
    "capital": "Georgetown",
    "continent": "South America",
    "currency_name": "Guyanese dollar",
    "currency_code": "GYD",
    "cca2": "GY"
  },
  {
    "country": "Hungary",
    "capital": "Budapest",
    "continent": "Europe",
    "currency_name": "Hungarian forint",
    "currency_code": "HUF",
    "cca2": "HU"
  },
  {
    "country": "Mexico",
    "capital": "Mexico City",
    "continent": "North America",
    "currency_name": "Mexican peso",
    "currency_code": "MXN",
    "cca2": "MX"
  },
  {
    "country": "North Korea",
    "capital": "Pyongyang",
    "continent": "Asia",
    "currency_name": "North Korean won",
    "currency_code": "KPW",
    "cca2": "KP"
  },
  {
    "country": "Romania",
    "capital": "Bucharest",
    "continent": "Europe",
    "currency_name": "Romanian leu",
    "currency_code": "RON",
    "cca2": "RO"
  },
  {
    "country": "Suriname",
    "capital": "Paramaribo",
    "continent": "South America",
    "currency_name": "Surinamese dollar",
    "currency_code": "SRD",
    "cca2": "SR"
  },
  {
    "country": "American Samoa",
    "capital": "Pago Pago",
    "continent": "Oceania",
    "currency_name": "United States dollar",
    "currency_code": "USD",
    "cca2": "AS"
  },
  {
    "country": "Nepal",
    "capital": "Kathmandu",
    "continent": "Asia",
    "currency_name": "Nepalese rupee",
    "currency_code": "NPR",
    "cca2": "NP"
  },
  {
    "country": "Chad",
    "capital": "N'Djamena",
    "continent": "Africa",
    "currency_name": "Central African CFA franc",
    "currency_code": "XAF",
    "cca2": "TD"
  },
  {
    "country": "Serbia",
    "capital": "Belgrade",
    "continent": "Europe",
    "currency_name": "Serbian dinar",
    "currency_code": "RSD",
    "cca2": "RS"
  },
  {
    "country": "Cambodia",
    "capital": "Phnom Penh",
    "continent": "Asia",
    "currency_name": "Cambodian riel",
    "currency_code": "KHR",
    "cca2": "KH"
  },
  {
    "country": "Malaysia",
    "capital": "Kuala Lumpur",
    "continent": "Asia",
    "currency_name": "Malaysian ringgit",
    "currency_code": "MYR",
    "cca2": "MY"
  },
  {
    "country": "Cyprus",
    "capital": "Nicosia",
    "continent": "Europe",
    "currency_name": "Euro",
    "currency_code": "EUR",
    "cca2": "CY"
  }
]